logged,Date,Div,HomeTeam,AwayTeam,dc_H,dc_D,dc_A,elo_H,elo_D,elo_A,ens_H,ens_D,ens_A,dc_O25,dc_BTTS,odds_H,odds_D,odds_A
2026-10-08,2026-10-09,D1,Dortmund,Werder Bremen,0.7188,0.1784,0.1028,0.7488,0.1599,0.0912,0.7338,0.1692,0.0970,0.6326,0.5220,,,
2026-10-08,2026-10-09,F1,Lens,Lyon,0.4466,0.2579,0.2954,0.4161,0.2881,0.2958,0.4314,0.2730,0.2956,0.5442,0.5774,,,
2026-10-08,2026-10-09,SP1,Malaga,Espanol,0.2987,0.2966,0.4046,0.4228,0.2871,0.2901,0.3608,0.2919,0.3474,0.3616,0.4296,,,
2026-10-08,2026-10-10,D1,Augsburg,Bayern Munich,0.1065,0.1526,0.7409,0.1429,0.2148,0.6423,0.1247,0.1837,0.6916,0.7583,0.6283,,,
2026-10-08,2026-10-10,D1,Hoffenheim,Hamburg,0.5974,0.2173,0.1853,0.5770,0.2430,0.1799,0.5872,0.2302,0.1826,0.6404,0.6098,,,
2026-10-08,2026-10-10,D1,Mainz,Leverkusen,0.2852,0.2564,0.4584,0.3118,0.2904,0.3978,0.2985,0.2734,0.4281,0.5781,0.6051,,,
2026-10-08,2026-10-10,D1,Paderborn,Stuttgart,0.2481,0.2663,0.4856,0.2590,0.2797,0.4614,0.2535,0.2730,0.4735,0.5147,0.5477,,,
2026-10-08,2026-10-10,D1,RB Leipzig,Ein Frankfurt,0.5695,0.2119,0.2186,0.5404,0.2567,0.2029,0.5549,0.2343,0.2107,0.7060,0.6776,,,
2026-10-08,2026-10-10,D1,Union Berlin,Elversberg,0.3091,0.2620,0.4289,0.4102,0.2889,0.3009,0.3597,0.2755,0.3649,0.5662,0.6008,,,
2026-10-08,2026-10-10,E0,Arsenal,Leeds,0.6497,0.2294,0.1210,0.6888,0.1921,0.1191,0.6692,0.2107,0.1201,0.4799,0.4357,,,
2026-10-08,2026-10-10,E0,Aston Villa,Brentford,0.4062,0.2645,0.3293,0.4255,0.2867,0.2878,0.4158,0.2756,0.3086,0.5663,0.6039,,,
2026-10-08,2026-10-10,E0,Chelsea,Bournemouth,0.4517,0.2542,0.2941,0.4114,0.2887,0.2998,0.4315,0.2715,0.2970,0.5956,0.6205,,,
2026-10-08,2026-10-10,E0,Ipswich,Fulham,0.2398,0.2590,0.5011,0.4075,0.2892,0.3032,0.3237,0.2741,0.4022,0.5399,0.5639,,,
2026-10-08,2026-10-10,E0,Man United,Tottenham,0.5378,0.2386,0.2236,0.6659,0.2035,0.1306,0.6018,0.2211,0.1771,0.6055,0.6055,,,
2026-10-08,2026-10-10,E0,Sunderland,Brighton,0.3021,0.2796,0.4183,0.3150,0.2907,0.3942,0.3086,0.2852,0.4063,0.4981,0.5490,,,
2026-10-08,2026-10-10,F1,Brest,Angers,0.5184,0.2689,0.2127,0.4931,0.2716,0.2353,0.5057,0.2702,0.2240,0.4416,0.4726,,,
2026-10-08,2026-10-10,F1,Lille,Le Havre,0.6226,0.2424,0.1351,0.6868,0.1931,0.1201,0.6547,0.2177,0.1276,0.4283,0.4063,,,
2026-10-08,2026-10-10,F1,Lorient,Paris FC,0.3435,0.2742,0.3822,0.3766,0.2921,0.3314,0.3601,0.2832,0.3568,0.4917,0.5432,,,
2026-10-08,2026-10-10,F1,Monaco,Toulouse,0.5580,0.2279,0.2141,0.6037,0.2321,0.1642,0.5808,0.2300,0.1892,0.6033,0.5937,,,
2026-10-08,2026-10-10,F1,Paris SG,Le Mans,0.8023,0.1245,0.0732,0.7744,0.1454,0.0802,0.7884,0.1349,0.0767,0.7586,0.5670,,,
2026-10-08,2026-10-10,I1,Genoa,Fiorentina,0.3260,0.2735,0.4005,0.3614,0.2926,0.3460,0.3437,0.2831,0.3732,0.4481,0.5021,,,
2026-10-08,2026-10-10,I1,Inter,Parma,0.7656,0.1539,0.0804,0.8154,0.1211,0.0635,0.7905,0.1375,0.0719,0.5993,0.4422,,,
2026-10-08,2026-10-10,I1,Napoli,Frosinone,0.5874,0.2323,0.1803,0.6618,0.2055,0.1327,0.6246,0.2189,0.1565,0.4961,0.4862,,,
2026-10-08,2026-10-10,SP1,Alaves,Ath Madrid,0.2719,0.2633,0.4648,0.2673,0.2820,0.4507,0.2696,0.2727,0.4578,0.4662,0.5064,,,
2026-10-08,2026-10-10,SP1,Barcelona,Getafe,0.7762,0.1553,0.0686,0.8204,0.1181,0.0615,0.7983,0.1367,0.0650,0.5485,0.3791,,,
2026-10-08,2026-10-10,SP1,Real Madrid,Villarreal,0.6642,0.1781,0.1577,0.6092,0.2297,0.1611,0.6367,0.2039,0.1594,0.7014,0.6255,,,
2026-10-08,2026-10-10,SP1,Vallecano,Ath Bilbao,0.3764,0.2975,0.3262,0.4624,0.2794,0.2582,0.4194,0.2884,0.2922,0.3644,0.4349,,,
2026-10-08,2026-10-11,D1,FC Koln,M'gladbach,0.4161,0.2525,0.3314,0.4160,0.2881,0.2959,0.4160,0.2703,0.3137,0.6128,0.6383,,,
2026-10-08,2026-10-11,D1,Freiburg,Schalke 04,0.5184,0.2689,0.2127,0.5934,0.2364,0.1702,0.5559,0.2527,0.1914,0.4734,0.5023,,,
2026-10-08,2026-10-11,E0,Crystal Palace,Nott'm Forest,0.3593,0.2959,0.3448,0.3952,0.2906,0.3142,0.3773,0.2933,0.3295,0.4455,0.5121,,,
2026-10-08,2026-10-11,E0,Hull,Everton,0.3520,0.3354,0.3127,0.4029,0.2898,0.3073,0.3775,0.3126,0.3100,0.3150,0.4040,,,
2026-10-08,2026-10-11,E0,Liverpool,Man City,0.3136,0.2585,0.4279,0.3069,0.2898,0.4033,0.3102,0.2741,0.4156,0.5862,0.6169,,,
2026-10-08,2026-10-11,F1,Nice,Strasbourg,0.3551,0.2592,0.3858,0.3118,0.2904,0.3978,0.3334,0.2748,0.3918,0.5563,0.5934,,,
2026-10-08,2026-10-11,F1,Rennes,Auxerre,0.5485,0.2340,0.2176,0.6034,0.2322,0.1644,0.5760,0.2331,0.1910,0.5819,0.5796,,,
2026-10-08,2026-10-11,F1,Troyes,Marseille,0.1480,0.1888,0.6633,0.2814,0.2854,0.4333,0.2147,0.2371,0.5483,0.6684,0.5969,,,
2026-10-08,2026-10-11,I1,Cagliari,Juventus,0.1998,0.2610,0.5393,0.2740,0.2837,0.4423,0.2369,0.2723,0.4908,0.4155,0.4382,,,
2026-10-08,2026-10-11,I1,Como,Roma,0.3477,0.2745,0.3778,0.3768,0.2921,0.3311,0.3623,0.2833,0.3545,0.4476,0.5032,,,
2026-10-08,2026-10-11,I1,Lazio,Monza,0.6206,0.2219,0.1576,0.6679,0.2026,0.1296,0.6442,0.2122,0.1436,0.5015,0.4724,,,
2026-10-08,2026-10-11,I1,Lecce,Bologna,0.2108,0.2809,0.5083,0.3440,0.2926,0.3634,0.2774,0.2868,0.4358,0.3624,0.4034,,,
2026-10-08,2026-10-11,I1,Sassuolo,Milan,0.2447,0.2367,0.5187,0.2832,0.2857,0.4311,0.2639,0.2612,0.4749,0.5546,0.5644,,,
2026-10-08,2026-10-11,SP1,Betis,Osasuna,0.5803,0.2327,0.1870,0.6433,0.2143,0.1423,0.6118,0.2235,0.1646,0.5046,0.4972,,,
2026-10-08,2026-10-11,SP1,Elche,Celta,0.3961,0.2485,0.3554,0.3746,0.2922,0.3332,0.3854,0.2703,0.3443,0.5603,0.5914,,,
2026-10-08,2026-10-11,SP1,Santander,Valencia,0.3678,0.2338,0.3983,0.4062,0.2894,0.3044,0.3870,0.2616,0.3514,0.6321,0.6470,,,
2026-10-08,2026-10-11,SP1,Sociedad,La Coruna,0.5199,0.2415,0.2386,0.4649,0.2789,0.2563,0.4924,0.2602,0.2475,0.5289,0.5428,,,
2026-10-08,2026-10-12,E0,Coventry,Newcastle,0.1666,0.2456,0.5878,0.3341,0.2922,0.3737,0.2504,0.2689,0.4807,0.5043,0.4973,,,
2026-10-08,2026-10-12,I1,Atalanta,Venezia,0.7256,0.1745,0.0999,0.7142,0.1788,0.1070,0.7199,0.1767,0.1035,0.5693,0.4546,,,
2026-10-08,2026-10-12,I1,Torino,Udinese,0.3762,0.2727,0.3511,0.4148,0.2883,0.2969,0.3955,0.2805,0.3240,0.4549,0.5091,,,
2026-10-08,2026-10-12,SP1,Levante,Sevilla,0.4587,0.2470,0.2944,0.4292,0.2861,0.2847,0.4439,0.2665,0.2896,0.5467,0.5733,,,
2026-10-08,2026-10-16,D1,Ein Frankfurt,FC Koln,0.5954,0.2073,0.1974,0.5860,0.2394,0.1746,0.5907,0.2234,0.1860,0.6994,0.6616,,,
2026-10-08,2026-10-16,F1,Le Mans,Toulouse,0.3681,0.2529,0.3790,0.3784,0.2920,0.3296,0.3733,0.2724,0.3543,0.5849,0.6155,,,
2026-10-08,2026-10-16,I1,Frosinone,Sassuolo,0.4188,0.2474,0.3338,0.4297,0.2860,0.2843,0.4243,0.2667,0.3090,0.5602,0.5896,,,
2026-10-08,2026-10-16,SP1,La Coruna,Levante,0.4644,0.2477,0.2879,0.4668,0.2784,0.2548,0.4656,0.2631,0.2713,0.5399,0.5666,,,
2026-10-08,2026-10-17,D1,Bayern Munich,RB Leipzig,0.7363,0.1506,0.1130,0.7232,0.1740,0.1028,0.7298,0.1623,0.1079,0.7839,0.6591,,,
2026-10-08,2026-10-17,D1,Elversberg,Augsburg,0.5072,0.2443,0.2485,0.3732,0.2922,0.3346,0.4402,0.2683,0.2915,0.6019,0.6122,,,
2026-10-08,2026-10-17,D1,Hamburg,Stuttgart,0.2104,0.2337,0.5559,0.2452,0.2752,0.4796,0.2278,0.2545,0.5177,0.6066,0.5993,,,
2026-10-08,2026-10-17,D1,Schalke 04,Mainz,0.3241,0.3031,0.3727,0.3445,0.2926,0.3629,0.3343,0.2979,0.3678,0.4135,0.4852,,,
2026-10-08,2026-10-17,D1,Union Berlin,Dortmund,0.1555,0.2217,0.6228,0.1535,0.2238,0.6227,0.1545,0.2227,0.6228,0.5737,0.5381,,,
2026-10-08,2026-10-17,D1,Werder Bremen,Paderborn,0.4320,0.2953,0.2727,0.4735,0.2768,0.2497,0.4527,0.2860,0.2612,0.4250,0.4868,,,
2026-10-08,2026-10-17,E0,Brentford,Liverpool,0.3435,0.2581,0.3985,0.3808,0.2918,0.3274,0.3621,0.2749,0.3629,0.5959,0.6272,,,
2026-10-08,2026-10-17,E0,Everton,Chelsea,0.3548,0.2898,0.3554,0.4426,0.2836,0.2738,0.3987,0.2867,0.3146,0.4686,0.5303,,,
2026-10-08,2026-10-17,E0,Fulham,Hull,0.4081,0.3106,0.2813,0.4439,0.2834,0.2728,0.4260,0.2970,0.2770,0.3818,0.4554,,,
2026-10-08,2026-10-17,E0,Man City,Ipswich,0.8598,0.0993,0.0409,0.7729,0.1463,0.0809,0.8163,0.1228,0.0609,0.7581,0.4807,,,
2026-10-08,2026-10-17,E0,Newcastle,Aston Villa,0.4493,0.2512,0.2995,0.4296,0.2860,0.2844,0.4394,0.2686,0.2920,0.6106,0.6327,,,
2026-10-08,2026-10-17,F1,Lille,Brest,0.5770,0.2417,0.1814,0.6320,0.2196,0.1484,0.6045,0.2306,0.1649,0.5042,0.5009,,,
2026-10-08,2026-10-17,F1,Strasbourg,Paris SG,0.2332,0.2214,0.5454,0.2676,0.2821,0.4503,0.2504,0.2517,0.4979,0.6538,0.6404,,,
2026-10-08,2026-10-17,F1,Troyes,Lens,0.1366,0.1978,0.6656,0.2358,0.2718,0.4924,0.1862,0.2348,0.5790,0.6035,0.5361,,,
2026-10-08,2026-10-17,I1,Bologna,Inter,0.1975,0.2149,0.5876,0.1729,0.2383,0.5888,0.1852,0.2266,0.5882,0.5957,0.5722,,,
2026-10-08,2026-10-17,I1,Roma,Genoa,0.6524,0.2162,0.1314,0.7638,0.1515,0.0847,0.7081,0.1838,0.1081,0.4749,0.4270,,,
2026-10-08,2026-10-17,I1,Venezia,Napoli,0.1237,0.2056,0.6707,0.1597,0.2286,0.6117,0.1417,0.2171,0.6412,0.4993,0.4359,,,
2026-10-08,2026-10-17,SP1,Betis,Barcelona,0.2390,0.2155,0.5455,0.2152,0.2629,0.5219,0.2271,0.2392,0.5337,0.6465,0.6318,,,
2026-10-08,2026-10-17,SP1,Espanol,Ath Madrid,0.2530,0.2517,0.4952,0.2274,0.2684,0.5042,0.2402,0.2601,0.4997,0.4992,0.5258,,,
2026-10-08,2026-10-17,SP1,Valencia,Ath Bilbao,0.3567,0.2906,0.3527,0.4149,0.2883,0.2968,0.3858,0.2894,0.3248,0.3892,0.4562,,,
2026-10-08,2026-10-17,SP1,Villarreal,Elche,0.6727,0.1721,0.1552,0.6280,0.2214,0.1506,0.6503,0.1968,0.1529,0.7259,0.6433,,,
2026-10-08,2026-10-18,D1,Leverkusen,Freiburg,0.6196,0.2091,0.1712,0.5525,0.2524,0.1951,0.5861,0.2307,0.1832,0.6525,0.6092,,,
2026-10-08,2026-10-18,D1,M'gladbach,Hoffenheim,0.3885,0.2361,0.3754,0.3351,0.2923,0.3726,0.3618,0.2642,0.3740,0.6901,0.6988,,,
2026-10-08,2026-10-18,E0,Bournemouth,Sunderland,0.4672,0.2793,0.2535,0.5422,0.2561,0.2018,0.5047,0.2677,0.2277,0.4744,0.5200,,,
2026-10-08,2026-10-18,E0,Brighton,Crystal Palace,0.5475,0.2455,0.2070,0.6017,0.2329,0.1654,0.5746,0.2392,0.1862,0.5594,0.5635,,,
2026-10-08,2026-10-18,E0,Leeds,Man United,0.3670,0.2764,0.3566,0.3659,0.2925,0.3416,0.3665,0.2845,0.3491,0.5215,0.5713,,,
2026-10-08,2026-10-18,E0,Nott'm Forest,Arsenal,0.1790,0.2741,0.5469,0.2146,0.2626,0.5229,0.1968,0.2683,0.5349,0.4223,0.4459,,,
2026-10-08,2026-10-18,F1,Angers,Marseille,0.2135,0.2578,0.5287,0.3075,0.2898,0.4027,0.2605,0.2738,0.4657,0.4826,0.5037,,,
2026-10-08,2026-10-18,F1,Le Havre,Auxerre,0.3573,0.2973,0.3454,0.3932,0.2908,0.3160,0.3752,0.2941,0.3307,0.4047,0.4745,,,
2026-10-08,2026-10-18,F1,Lorient,Monaco,0.3011,0.2467,0.4522,0.2862,0.2864,0.4274,0.2937,0.2665,0.4398,0.5948,0.6165,,,
2026-10-08,2026-10-18,F1,Lyon,Nice,0.5737,0.2351,0.1912,0.6537,0.2094,0.1369,0.6137,0.2223,0.1640,0.5437,0.5365,,,
2026-10-08,2026-10-18,F1,Paris FC,Rennes,0.4421,0.2523,0.3056,0.3897,0.2911,0.3191,0.4159,0.2717,0.3124,0.5728,0.6008,,,
2026-10-08,2026-10-18,I1,Fiorentina,Como,0.2565,0.2503,0.4932,0.2793,0.2849,0.4357,0.2679,0.2676,0.4645,0.5071,0.5328,,,
2026-10-08,2026-10-18,I1,Juventus,Lazio,0.4790,0.2804,0.2406,0.5131,0.2657,0.2212,0.4961,0.2731,0.2309,0.3856,0.4341,,,
2026-10-08,2026-10-18,I1,Milan,Atalanta,0.3928,0.2655,0.3417,0.5040,0.2685,0.2276,0.4484,0.2670,0.2846,0.4829,0.5307,,,
2026-10-08,2026-10-18,I1,Udinese,Lecce,0.4969,0.2799,0.2232,0.5312,0.2598,0.2090,0.5140,0.2699,0.2161,0.3751,0.4190,,,
2026-10-08,2026-10-18,SP1,Celta,Alaves,0.4989,0.2609,0.2402,0.4760,0.2762,0.2479,0.4874,0.2685,0.2440,0.4534,0.4863,,,
2026-10-08,2026-10-18,SP1,Malaga,Sociedad,0.2651,0.2755,0.4594,0.3629,0.2926,0.3444,0.3140,0.2840,0.4019,0.4178,0.4672,,,
2026-10-08,2026-10-18,SP1,Osasuna,Santander,0.6238,0.1922,0.1840,0.4494,0.2823,0.2684,0.5366,0.2372,0.2262,0.6821,0.6300,,,
2026-10-08,2026-10-18,SP1,Real Madrid,Sevilla,0.7634,0.1492,0.0874,0.7374,0.1663,0.0963,0.7504,0.1578,0.0919,0.6494,0.4949,,,
